<?xml version="1.0" encoding="UTF-8"?>
<deploy xmlns="http://www.apache.org/ode/schemas/dd/2007/03" xmlns:subscriptions="http://org.wso2.carbon/createdb/" 
xmlns:workflow.createdb.ss.carbon.wso2.org="http://workflow.createdb.ss.carbon.wso2.org"
xmlns:createdb="http://org.wso2.carbon/createdb/"
xmlns:callback.workflow.ss.carbon.wso2.org="http://callback.workflow.ss.carbon.wso2.org"
xmlns:b4p="http://docs.oasis-open.org/ns/bpel4people/bpel4people/200803">


  <process name="workflow.createdb.ss.carbon.wso2.org:CreateDBApprovalWorkFlowProcess">
    <active>true</active>
    <retired>false</retired>
    <process-events generate="all"/>

    <provide partnerLink="client">
      <service name="workflow.createdb.ss.carbon.wso2.org:CreateDBApprovalWorkFlowProcess" port="CreateDBApprovalWorkFlowProcessPort">
     </service>
    </provide>

    <provide partnerLink="CreateDBPL" correlationFilter="b4p:b4pFilter">
      <service name="createdb:CreateDBServiceCB" port="CreateDBPortCB"/>
    </provide>

    <invoke partnerLink="CreateDBPL">
      <service name="createdb:CreateDBService" port="CreateDBPort">  
      </service>
    </invoke>
    <invoke partnerLink="CBPL">
      <service name="callback.workflow.ss.carbon.wso2.org:WorkflowCallbackService" port="WorkflowCallbackServiceHttpsSoap11Endpoint">
      </service>
    </invoke>
  </process>
</deploy>


  





